scenario,field,round,expected,sim,source
흐름(대전 늘 이김),골드,1-2,2,계획 단계 없음,위키 TFT:Gold 2020-09
흐름(대전 늘 이김),레벨,1-2,1,계획 단계 없음,위키 TFT:Experience 2020-09
흐름(대전 늘 이김),경험치,1-2,0,계획 단계 없음,위키 TFT:Experience 2020-09
흐름(대전 늘 이김),골드,1-3,4,0,위키 TFT:Gold 2020-09
흐름(대전 늘 이김),레벨,1-3,2,1,위키 TFT:Experience 2020-09
흐름(대전 늘 이김),골드,1-4,7,2,위키 TFT:Gold 2020-09
흐름(대전 늘 이김),레벨,1-4,3,2,위키 TFT:Experience 2020-09
흐름(대전 늘 이김),골드,2-1,11,5,위키 TFT:Gold 2020-09
흐름(대전 늘 이김),경험치,2-1,2,0,위키 TFT:Experience 2020-09
흐름(대전 늘 이김),골드,2-2,18,10,위키 TFT:Gold 2020-09
흐름(대전 늘 이김),경험치,2-2,4,2,위키 TFT:Experience 2020-09
흐름(대전 늘 이김),골드,2-3,26,18,위키 TFT:Gold 2020-09
흐름(대전 늘 이김),레벨,2-3,4,3,위키 TFT:Experience 2020-09
흐름(대전 늘 이김),경험치,2-3,0,4,위키 TFT:Experience 2020-09
흐름(대전 늘 이김),골드,2-5,35,26,위키 TFT:Gold 2020-09
흐름(대전 늘 이김),경험치,2-5,2,0,위키 TFT:Experience 2020-09
흐름(대전 늘 이김),골드,2-6,46,36,위키 TFT:Gold 2020-09
흐름(대전 늘 이김),경험치,2-6,4,2,위키 TFT:Experience 2020-09
흐름(대전 늘 이김),골드,2-7,59,48,위키 TFT:Gold 2020-09
흐름(대전 늘 이김),경험치,2-7,6,4,위키 TFT:Experience 2020-09
흐름(대전 늘 이김),골드,3-1,72,60,위키 TFT:Gold 2020-09
흐름(대전 늘 이김),경험치,3-1,8,6,위키 TFT:Experience 2020-09
흐름(대전 늘 이김),골드,3-2,86,74,위키 TFT:Gold 2020-09
흐름(대전 늘 이김),레벨,3-2,5,4,위키 TFT:Experience 2020-09
흐름(대전 늘 이김),경험치,3-2,0,8,위키 TFT:Experience 2020-09
흐름(대전 늘 이김),골드,3-3,100,88,위키 TFT:Gold 2020-09
흐름(대전 늘 이김),경험치,3-3,2,0,위키 TFT:Experience 2020-09
흐름(대전 늘 이김),골드,3-5,114,102,위키 TFT:Gold 2020-09
흐름(대전 늘 이김),경험치,3-5,4,2,위키 TFT:Experience 2020-09
흐름(대전 늘 이김),골드,3-6,128,116,위키 TFT:Gold 2020-09
흐름(대전 늘 이김),경험치,3-6,6,4,위키 TFT:Experience 2020-09
흐름(대전 늘 이김),골드,3-7,142,130,위키 TFT:Gold 2020-09
흐름(대전 늘 이김),경험치,3-7,8,6,위키 TFT:Experience 2020-09
흐름(대전 늘 이김),골드,4-1,155,143,위키 TFT:Gold 2020-09
흐름(대전 늘 이김),경험치,4-1,10,8,위키 TFT:Experience 2020-09
흐름(대전 늘 짐),골드,1-2,2,계획 단계 없음,위키 TFT:Gold 2020-09
흐름(대전 늘 짐),레벨,1-2,1,계획 단계 없음,위키 TFT:Experience 2020-09
흐름(대전 늘 짐),경험치,1-2,0,계획 단계 없음,위키 TFT:Experience 2020-09
흐름(대전 늘 짐),골드,1-3,4,0,위키 TFT:Gold 2020-09
흐름(대전 늘 짐),레벨,1-3,2,1,위키 TFT:Experience 2020-09
흐름(대전 늘 짐),골드,1-4,7,2,위키 TFT:Gold 2020-09
흐름(대전 늘 짐),레벨,1-4,3,2,위키 TFT:Experience 2020-09
흐름(대전 늘 짐),골드,2-1,11,5,위키 TFT:Gold 2020-09
흐름(대전 늘 짐),경험치,2-1,2,0,위키 TFT:Experience 2020-09
흐름(대전 늘 짐),골드,2-2,17,9,위키 TFT:Gold 2020-09
흐름(대전 늘 짐),경험치,2-2,4,2,위키 TFT:Experience 2020-09
흐름(대전 늘 짐),골드,2-3,24,15,위키 TFT:Gold 2020-09
흐름(대전 늘 짐),레벨,2-3,4,3,위키 TFT:Experience 2020-09
흐름(대전 늘 짐),경험치,2-3,0,4,위키 TFT:Experience 2020-09
흐름(대전 늘 짐),골드,2-5,32,22,위키 TFT:Gold 2020-09
흐름(대전 늘 짐),경험치,2-5,2,0,위키 TFT:Experience 2020-09
흐름(대전 늘 짐),골드,2-6,42,31,위키 TFT:Gold 2020-09
흐름(대전 늘 짐),경험치,2-6,4,2,위키 TFT:Experience 2020-09
흐름(대전 늘 짐),골드,2-7,54,42,위키 TFT:Gold 2020-09
흐름(대전 늘 짐),경험치,2-7,6,4,위키 TFT:Experience 2020-09
흐름(대전 늘 짐),골드,3-1,67,54,위키 TFT:Gold 2020-09
흐름(대전 늘 짐),경험치,3-1,8,6,위키 TFT:Experience 2020-09
흐름(대전 늘 짐),골드,3-2,80,67,위키 TFT:Gold 2020-09
흐름(대전 늘 짐),레벨,3-2,5,4,위키 TFT:Experience 2020-09
흐름(대전 늘 짐),경험치,3-2,0,8,위키 TFT:Experience 2020-09
흐름(대전 늘 짐),골드,3-3,93,80,위키 TFT:Gold 2020-09
흐름(대전 늘 짐),경험치,3-3,2,0,위키 TFT:Experience 2020-09
흐름(대전 늘 짐),골드,3-5,106,93,위키 TFT:Gold 2020-09
흐름(대전 늘 짐),경험치,3-5,4,2,위키 TFT:Experience 2020-09
흐름(대전 늘 짐),골드,3-6,119,106,위키 TFT:Gold 2020-09
흐름(대전 늘 짐),경험치,3-6,6,4,위키 TFT:Experience 2020-09
흐름(대전 늘 짐),골드,3-7,132,119,위키 TFT:Gold 2020-09
흐름(대전 늘 짐),경험치,3-7,8,6,위키 TFT:Experience 2020-09
흐름(대전 늘 짐),골드,4-1,145,132,위키 TFT:Gold 2020-09
흐름(대전 늘 짐),경험치,4-1,10,8,위키 TFT:Experience 2020-09
행동,2코스트 선택받은 자 구매 가격,,6,5,공식 10.19
행동,3코스트 선택받은 자 구매 가격,,9,8,공식 10.19
행동,4코스트 선택받은 자 구매 가격,,12,11,공식 10.19
행동,5코스트 선택받은 자 구매 가격,,15,14,공식 10.19
행동,골드 80일 때 이자(1-4 계획 단계),,5,8,위키 TFT:Gold 2020-09
행동,골드 80일 때 이자(2-2 계획 단계),,5,8,위키 TFT:Gold 2020-09
