patch,row,field,expected,sim,source
10.20,선택받은 자,aatrox 보너스(health)가 전투 유닛에 붙은 양,400,0.0,"공식 10.19(200 기본 + 종류별 보너스), 위키 선택받은 자 문서"
10.20,선택받은 자,aphelios 보너스(AD)가 전투 유닛에 붙은 양,30,0.0,"공식 10.19(200 기본 + 종류별 보너스), 위키 선택받은 자 문서"
10.20,선택받은 자,ashe 보너스(AD)가 전투 유닛에 붙은 양,30,0.0,"공식 10.19(200 기본 + 종류별 보너스), 위키 선택받은 자 문서"
10.20,선택받은 자,elise 보너스(health)가 전투 유닛에 붙은 양,400,0.0,"공식 10.19(200 기본 + 종류별 보너스), 위키 선택받은 자 문서"
10.20,선택받은 자,fiora 보너스(health)가 전투 유닛에 붙은 양,400,0.0,"공식 10.19(200 기본 + 종류별 보너스), 위키 선택받은 자 문서"
10.20,선택받은 자,garen 보너스(health)가 전투 유닛에 붙은 양,400,0.0,"공식 10.19(200 기본 + 종류별 보너스), 위키 선택받은 자 문서"
10.20,선택받은 자,hecarim 보너스(health)가 전투 유닛에 붙은 양,400,0.0,"공식 10.19(200 기본 + 종류별 보너스), 위키 선택받은 자 문서"
10.20,선택받은 자,irelia 보너스(health)가 전투 유닛에 붙은 양,400,0.0,"공식 10.19(200 기본 + 종류별 보너스), 위키 선택받은 자 문서"
10.20,선택받은 자,jarvaniv 보너스(health)가 전투 유닛에 붙은 양,400,0.0,"공식 10.19(200 기본 + 종류별 보너스), 위키 선택받은 자 문서"
10.20,선택받은 자,jax 보너스(health)가 전투 유닛에 붙은 양,400,0.0,"공식 10.19(200 기본 + 종류별 보너스), 위키 선택받은 자 문서"
10.20,선택받은 자,jhin 보너스(AD)가 전투 유닛에 붙은 양,30,0.0,"공식 10.19(200 기본 + 종류별 보너스), 위키 선택받은 자 문서"
10.20,선택받은 자,leesin 보너스(health)가 전투 유닛에 붙은 양,400,0.0,"공식 10.19(200 기본 + 종류별 보너스), 위키 선택받은 자 문서"
10.20,선택받은 자,maokai 보너스(health)가 전투 유닛에 붙은 양,400,0.0,"공식 10.19(200 기본 + 종류별 보너스), 위키 선택받은 자 문서"
10.20,선택받은 자,nunu 보너스(health)가 전투 유닛에 붙은 양,400,0.0,"공식 10.19(200 기본 + 종류별 보너스), 위키 선택받은 자 문서"
10.20,선택받은 자,sejuani 보너스(health)가 전투 유닛에 붙은 양,400,0.0,"공식 10.19(200 기본 + 종류별 보너스), 위키 선택받은 자 문서"
10.20,선택받은 자,sett 보너스(health)가 전투 유닛에 붙은 양,400,0.0,"공식 10.19(200 기본 + 종류별 보너스), 위키 선택받은 자 문서"
10.20,선택받은 자,shen 보너스(health)가 전투 유닛에 붙은 양,400,0.0,"공식 10.19(200 기본 + 종류별 보너스), 위키 선택받은 자 문서"
10.20,선택받은 자,sylas 보너스(health)가 전투 유닛에 붙은 양,400,0.0,"공식 10.19(200 기본 + 종류별 보너스), 위키 선택받은 자 문서"
10.20,선택받은 자,tahmkench 보너스(health)가 전투 유닛에 붙은 양,400,0.0,"공식 10.19(200 기본 + 종류별 보너스), 위키 선택받은 자 문서"
10.20,선택받은 자,talon 보너스(AD)가 전투 유닛에 붙은 양,30,0.0,"공식 10.19(200 기본 + 종류별 보너스), 위키 선택받은 자 문서"
10.20,선택받은 자,vi 보너스(health)가 전투 유닛에 붙은 양,400,0.0,"공식 10.19(200 기본 + 종류별 보너스), 위키 선택받은 자 문서"
10.20,선택받은 자,warwick 보너스(AD)가 전투 유닛에 붙은 양,30,0.0,"공식 10.19(200 기본 + 종류별 보너스), 위키 선택받은 자 문서"
10.20,선택받은 자,wukong 보너스(health)가 전투 유닛에 붙은 양,400,0.0,"공식 10.19(200 기본 + 종류별 보너스), 위키 선택받은 자 문서"
10.20,선택받은 자,xinzhao 보너스(AD)가 전투 유닛에 붙은 양,30,0.0,"공식 10.19(200 기본 + 종류별 보너스), 위키 선택받은 자 문서"
10.20,선택받은 자,yasuo 보너스(AD)가 전투 유닛에 붙은 양,30,0.0,"공식 10.19(200 기본 + 종류별 보너스), 위키 선택받은 자 문서"
10.20,선택받은 자,yone 보너스(health)가 전투 유닛에 붙은 양,400,0.0,"공식 10.19(200 기본 + 종류별 보너스), 위키 선택받은 자 문서"
10.20,선택받은 자,zed 보너스(AD)가 전투 유닛에 붙은 양,30,0.0,"공식 10.19(200 기본 + 종류별 보너스), 위키 선택받은 자 문서"
10.21,선택받은 자,aatrox 보너스(health)가 전투 유닛에 붙은 양,400,0.0,"공식 10.19(200 기본 + 종류별 보너스), 위키 선택받은 자 문서"
10.21,선택받은 자,aphelios 보너스(AD)가 전투 유닛에 붙은 양,30,0.0,"공식 10.19(200 기본 + 종류별 보너스), 위키 선택받은 자 문서"
10.21,선택받은 자,ashe 보너스(AD)가 전투 유닛에 붙은 양,30,0.0,"공식 10.19(200 기본 + 종류별 보너스), 위키 선택받은 자 문서"
10.21,선택받은 자,elise 보너스(health)가 전투 유닛에 붙은 양,400,0.0,"공식 10.19(200 기본 + 종류별 보너스), 위키 선택받은 자 문서"
10.21,선택받은 자,fiora 보너스(health)가 전투 유닛에 붙은 양,400,0.0,"공식 10.19(200 기본 + 종류별 보너스), 위키 선택받은 자 문서"
10.21,선택받은 자,garen 보너스(health)가 전투 유닛에 붙은 양,400,0.0,"공식 10.19(200 기본 + 종류별 보너스), 위키 선택받은 자 문서"
10.21,선택받은 자,hecarim 보너스(health)가 전투 유닛에 붙은 양,400,0.0,"공식 10.19(200 기본 + 종류별 보너스), 위키 선택받은 자 문서"
10.21,선택받은 자,irelia 보너스(health)가 전투 유닛에 붙은 양,400,0.0,"공식 10.19(200 기본 + 종류별 보너스), 위키 선택받은 자 문서"
10.21,선택받은 자,jarvaniv 보너스(health)가 전투 유닛에 붙은 양,400,0.0,"공식 10.19(200 기본 + 종류별 보너스), 위키 선택받은 자 문서"
10.21,선택받은 자,jax 보너스(health)가 전투 유닛에 붙은 양,400,0.0,"공식 10.19(200 기본 + 종류별 보너스), 위키 선택받은 자 문서"
10.21,선택받은 자,jhin 보너스(AD)가 전투 유닛에 붙은 양,30,0.0,"공식 10.19(200 기본 + 종류별 보너스), 위키 선택받은 자 문서"
10.21,선택받은 자,leesin 보너스(health)가 전투 유닛에 붙은 양,400,0.0,"공식 10.19(200 기본 + 종류별 보너스), 위키 선택받은 자 문서"
10.21,선택받은 자,maokai 보너스(health)가 전투 유닛에 붙은 양,400,0.0,"공식 10.19(200 기본 + 종류별 보너스), 위키 선택받은 자 문서"
10.21,선택받은 자,nunu 보너스(health)가 전투 유닛에 붙은 양,400,0.0,"공식 10.19(200 기본 + 종류별 보너스), 위키 선택받은 자 문서"
10.21,선택받은 자,sejuani 보너스(health)가 전투 유닛에 붙은 양,400,0.0,"공식 10.19(200 기본 + 종류별 보너스), 위키 선택받은 자 문서"
10.21,선택받은 자,sett 보너스(health)가 전투 유닛에 붙은 양,400,0.0,"공식 10.19(200 기본 + 종류별 보너스), 위키 선택받은 자 문서"
10.21,선택받은 자,shen 보너스(health)가 전투 유닛에 붙은 양,400,0.0,"공식 10.19(200 기본 + 종류별 보너스), 위키 선택받은 자 문서"
10.21,선택받은 자,sylas 보너스(health)가 전투 유닛에 붙은 양,400,0.0,"공식 10.19(200 기본 + 종류별 보너스), 위키 선택받은 자 문서"
10.21,선택받은 자,tahmkench 보너스(health)가 전투 유닛에 붙은 양,400,0.0,"공식 10.19(200 기본 + 종류별 보너스), 위키 선택받은 자 문서"
10.21,선택받은 자,talon 보너스(AD)가 전투 유닛에 붙은 양,30,0.0,"공식 10.19(200 기본 + 종류별 보너스), 위키 선택받은 자 문서"
10.21,선택받은 자,vi 보너스(health)가 전투 유닛에 붙은 양,400,0.0,"공식 10.19(200 기본 + 종류별 보너스), 위키 선택받은 자 문서"
10.21,선택받은 자,warwick 보너스(AD)가 전투 유닛에 붙은 양,30,0.0,"공식 10.19(200 기본 + 종류별 보너스), 위키 선택받은 자 문서"
10.21,선택받은 자,wukong 보너스(health)가 전투 유닛에 붙은 양,400,0.0,"공식 10.19(200 기본 + 종류별 보너스), 위키 선택받은 자 문서"
10.21,선택받은 자,xinzhao 보너스(AD)가 전투 유닛에 붙은 양,30,0.0,"공식 10.19(200 기본 + 종류별 보너스), 위키 선택받은 자 문서"
10.21,선택받은 자,yasuo 보너스(AD)가 전투 유닛에 붙은 양,30,0.0,"공식 10.19(200 기본 + 종류별 보너스), 위키 선택받은 자 문서"
10.21,선택받은 자,yone 보너스(health)가 전투 유닛에 붙은 양,400,0.0,"공식 10.19(200 기본 + 종류별 보너스), 위키 선택받은 자 문서"
10.21,선택받은 자,zed 보너스(AD)가 전투 유닛에 붙은 양,30,0.0,"공식 10.19(200 기본 + 종류별 보너스), 위키 선택받은 자 문서"
10.22,선택받은 자,aatrox 보너스(health)가 전투 유닛에 붙은 양,400,0.0,"공식 10.19(200 기본 + 종류별 보너스), 위키 선택받은 자 문서"
10.22,선택받은 자,aphelios 보너스(AD)가 전투 유닛에 붙은 양,30,0.0,"공식 10.19(200 기본 + 종류별 보너스), 위키 선택받은 자 문서"
10.22,선택받은 자,ashe 보너스(AD)가 전투 유닛에 붙은 양,30,0.0,"공식 10.19(200 기본 + 종류별 보너스), 위키 선택받은 자 문서"
10.22,선택받은 자,elise 보너스(health)가 전투 유닛에 붙은 양,400,0.0,"공식 10.19(200 기본 + 종류별 보너스), 위키 선택받은 자 문서"
10.22,선택받은 자,garen 보너스(health)가 전투 유닛에 붙은 양,400,0.0,"공식 10.19(200 기본 + 종류별 보너스), 위키 선택받은 자 문서"
10.22,선택받은 자,hecarim 보너스(health)가 전투 유닛에 붙은 양,400,0.0,"공식 10.19(200 기본 + 종류별 보너스), 위키 선택받은 자 문서"
10.22,선택받은 자,irelia 보너스(health)가 전투 유닛에 붙은 양,400,0.0,"공식 10.19(200 기본 + 종류별 보너스), 위키 선택받은 자 문서"
10.22,선택받은 자,jarvaniv 보너스(health)가 전투 유닛에 붙은 양,400,0.0,"공식 10.19(200 기본 + 종류별 보너스), 위키 선택받은 자 문서"
10.22,선택받은 자,jax 보너스(health)가 전투 유닛에 붙은 양,400,0.0,"공식 10.19(200 기본 + 종류별 보너스), 위키 선택받은 자 문서"
10.22,선택받은 자,jhin 보너스(AD)가 전투 유닛에 붙은 양,30,0.0,"공식 10.19(200 기본 + 종류별 보너스), 위키 선택받은 자 문서"
10.22,선택받은 자,leesin 보너스(health)가 전투 유닛에 붙은 양,400,0.0,"공식 10.19(200 기본 + 종류별 보너스), 위키 선택받은 자 문서"
10.22,선택받은 자,maokai 보너스(health)가 전투 유닛에 붙은 양,400,0.0,"공식 10.19(200 기본 + 종류별 보너스), 위키 선택받은 자 문서"
10.22,선택받은 자,nunu 보너스(health)가 전투 유닛에 붙은 양,400,0.0,"공식 10.19(200 기본 + 종류별 보너스), 위키 선택받은 자 문서"
10.22,선택받은 자,sejuani 보너스(health)가 전투 유닛에 붙은 양,400,0.0,"공식 10.19(200 기본 + 종류별 보너스), 위키 선택받은 자 문서"
10.22,선택받은 자,shen 보너스(health)가 전투 유닛에 붙은 양,400,0.0,"공식 10.19(200 기본 + 종류별 보너스), 위키 선택받은 자 문서"
10.22,선택받은 자,sylas 보너스(health)가 전투 유닛에 붙은 양,400,0.0,"공식 10.19(200 기본 + 종류별 보너스), 위키 선택받은 자 문서"
10.22,선택받은 자,tahmkench 보너스(health)가 전투 유닛에 붙은 양,400,0.0,"공식 10.19(200 기본 + 종류별 보너스), 위키 선택받은 자 문서"
10.22,선택받은 자,talon 보너스(AD)가 전투 유닛에 붙은 양,30,0.0,"공식 10.19(200 기본 + 종류별 보너스), 위키 선택받은 자 문서"
10.22,선택받은 자,warwick 보너스(AD)가 전투 유닛에 붙은 양,30,0.0,"공식 10.19(200 기본 + 종류별 보너스), 위키 선택받은 자 문서"
10.22,선택받은 자,wukong 보너스(health)가 전투 유닛에 붙은 양,400,0.0,"공식 10.19(200 기본 + 종류별 보너스), 위키 선택받은 자 문서"
10.22,선택받은 자,xinzhao 보너스(AD)가 전투 유닛에 붙은 양,30,0.0,"공식 10.19(200 기본 + 종류별 보너스), 위키 선택받은 자 문서"
10.22,선택받은 자,yasuo 보너스(AD)가 전투 유닛에 붙은 양,30,0.0,"공식 10.19(200 기본 + 종류별 보너스), 위키 선택받은 자 문서"
10.22,선택받은 자,yone 보너스(health)가 전투 유닛에 붙은 양,400,0.0,"공식 10.19(200 기본 + 종류별 보너스), 위키 선택받은 자 문서"
10.22,선택받은 자,zed 보너스(AD)가 전투 유닛에 붙은 양,30,0.0,"공식 10.19(200 기본 + 종류별 보너스), 위키 선택받은 자 문서"
10.23,선택받은 자,aatrox 보너스(health)가 전투 유닛에 붙은 양,400,0.0,"공식 10.19(200 기본 + 종류별 보너스), 위키 선택받은 자 문서"
10.23,선택받은 자,aphelios 보너스(AD)가 전투 유닛에 붙은 양,30,0.0,"공식 10.19(200 기본 + 종류별 보너스), 위키 선택받은 자 문서"
10.23,선택받은 자,ashe 보너스(AD)가 전투 유닛에 붙은 양,30,0.0,"공식 10.19(200 기본 + 종류별 보너스), 위키 선택받은 자 문서"
10.23,선택받은 자,elise 보너스(health)가 전투 유닛에 붙은 양,400,0.0,"공식 10.19(200 기본 + 종류별 보너스), 위키 선택받은 자 문서"
10.23,선택받은 자,garen 보너스(health)가 전투 유닛에 붙은 양,400,0.0,"공식 10.19(200 기본 + 종류별 보너스), 위키 선택받은 자 문서"
10.23,선택받은 자,hecarim 보너스(health)가 전투 유닛에 붙은 양,400,0.0,"공식 10.19(200 기본 + 종류별 보너스), 위키 선택받은 자 문서"
10.23,선택받은 자,irelia 보너스(health)가 전투 유닛에 붙은 양,400,0.0,"공식 10.19(200 기본 + 종류별 보너스), 위키 선택받은 자 문서"
10.23,선택받은 자,jarvaniv 보너스(health)가 전투 유닛에 붙은 양,400,0.0,"공식 10.19(200 기본 + 종류별 보너스), 위키 선택받은 자 문서"
10.23,선택받은 자,jax 보너스(health)가 전투 유닛에 붙은 양,400,0.0,"공식 10.19(200 기본 + 종류별 보너스), 위키 선택받은 자 문서"
10.23,선택받은 자,jhin 보너스(AD)가 전투 유닛에 붙은 양,30,0.0,"공식 10.19(200 기본 + 종류별 보너스), 위키 선택받은 자 문서"
10.23,선택받은 자,leesin 보너스(health)가 전투 유닛에 붙은 양,400,0.0,"공식 10.19(200 기본 + 종류별 보너스), 위키 선택받은 자 문서"
10.23,선택받은 자,maokai 보너스(health)가 전투 유닛에 붙은 양,400,0.0,"공식 10.19(200 기본 + 종류별 보너스), 위키 선택받은 자 문서"
10.23,선택받은 자,nunu 보너스(health)가 전투 유닛에 붙은 양,400,0.0,"공식 10.19(200 기본 + 종류별 보너스), 위키 선택받은 자 문서"
10.23,선택받은 자,sejuani 보너스(health)가 전투 유닛에 붙은 양,400,0.0,"공식 10.19(200 기본 + 종류별 보너스), 위키 선택받은 자 문서"
10.23,선택받은 자,shen 보너스(health)가 전투 유닛에 붙은 양,400,0.0,"공식 10.19(200 기본 + 종류별 보너스), 위키 선택받은 자 문서"
10.23,선택받은 자,sylas 보너스(health)가 전투 유닛에 붙은 양,400,0.0,"공식 10.19(200 기본 + 종류별 보너스), 위키 선택받은 자 문서"
10.23,선택받은 자,tahmkench 보너스(health)가 전투 유닛에 붙은 양,400,0.0,"공식 10.19(200 기본 + 종류별 보너스), 위키 선택받은 자 문서"
10.23,선택받은 자,talon 보너스(AD)가 전투 유닛에 붙은 양,30,0.0,"공식 10.19(200 기본 + 종류별 보너스), 위키 선택받은 자 문서"
10.23,선택받은 자,warwick 보너스(AD)가 전투 유닛에 붙은 양,30,0.0,"공식 10.19(200 기본 + 종류별 보너스), 위키 선택받은 자 문서"
10.23,선택받은 자,wukong 보너스(health)가 전투 유닛에 붙은 양,400,0.0,"공식 10.19(200 기본 + 종류별 보너스), 위키 선택받은 자 문서"
10.23,선택받은 자,xinzhao 보너스(AD)가 전투 유닛에 붙은 양,30,0.0,"공식 10.19(200 기본 + 종류별 보너스), 위키 선택받은 자 문서"
10.23,선택받은 자,yasuo 보너스(AD)가 전투 유닛에 붙은 양,30,0.0,"공식 10.19(200 기본 + 종류별 보너스), 위키 선택받은 자 문서"
10.23,선택받은 자,yone 보너스(health)가 전투 유닛에 붙은 양,400,0.0,"공식 10.19(200 기본 + 종류별 보너스), 위키 선택받은 자 문서"
10.23,선택받은 자,zed 보너스(AD)가 전투 유닛에 붙은 양,30,0.0,"공식 10.19(200 기본 + 종류별 보너스), 위키 선택받은 자 문서"
10.24,선택받은 자,aatrox 보너스(health)가 전투 유닛에 붙은 양,400,0.0,"공식 10.19(200 기본 + 종류별 보너스), 위키 선택받은 자 문서"
10.24,선택받은 자,aphelios 보너스(AD)가 전투 유닛에 붙은 양,20,0.0,"공식 10.19(200 기본 + 종류별 보너스), 위키 선택받은 자 문서"
10.24,선택받은 자,ashe 보너스(AD)가 전투 유닛에 붙은 양,20,0.0,"공식 10.19(200 기본 + 종류별 보너스), 위키 선택받은 자 문서"
10.24,선택받은 자,elise 보너스(health)가 전투 유닛에 붙은 양,400,0.0,"공식 10.19(200 기본 + 종류별 보너스), 위키 선택받은 자 문서"
10.24,선택받은 자,garen 보너스(health)가 전투 유닛에 붙은 양,400,0.0,"공식 10.19(200 기본 + 종류별 보너스), 위키 선택받은 자 문서"
10.24,선택받은 자,hecarim 보너스(health)가 전투 유닛에 붙은 양,400,0.0,"공식 10.19(200 기본 + 종류별 보너스), 위키 선택받은 자 문서"
10.24,선택받은 자,irelia 보너스(health)가 전투 유닛에 붙은 양,400,0.0,"공식 10.19(200 기본 + 종류별 보너스), 위키 선택받은 자 문서"
10.24,선택받은 자,jarvaniv 보너스(health)가 전투 유닛에 붙은 양,400,0.0,"공식 10.19(200 기본 + 종류별 보너스), 위키 선택받은 자 문서"
10.24,선택받은 자,jax 보너스(health)가 전투 유닛에 붙은 양,400,0.0,"공식 10.19(200 기본 + 종류별 보너스), 위키 선택받은 자 문서"
10.24,선택받은 자,jhin 보너스(AD)가 전투 유닛에 붙은 양,20,0.0,"공식 10.19(200 기본 + 종류별 보너스), 위키 선택받은 자 문서"
10.24,선택받은 자,leesin 보너스(health)가 전투 유닛에 붙은 양,400,0.0,"공식 10.19(200 기본 + 종류별 보너스), 위키 선택받은 자 문서"
10.24,선택받은 자,maokai 보너스(health)가 전투 유닛에 붙은 양,400,0.0,"공식 10.19(200 기본 + 종류별 보너스), 위키 선택받은 자 문서"
10.24,선택받은 자,nunu 보너스(health)가 전투 유닛에 붙은 양,400,0.0,"공식 10.19(200 기본 + 종류별 보너스), 위키 선택받은 자 문서"
10.24,선택받은 자,sejuani 보너스(health)가 전투 유닛에 붙은 양,400,0.0,"공식 10.19(200 기본 + 종류별 보너스), 위키 선택받은 자 문서"
10.24,선택받은 자,shen 보너스(health)가 전투 유닛에 붙은 양,400,0.0,"공식 10.19(200 기본 + 종류별 보너스), 위키 선택받은 자 문서"
10.24,선택받은 자,sylas 보너스(health)가 전투 유닛에 붙은 양,400,0.0,"공식 10.19(200 기본 + 종류별 보너스), 위키 선택받은 자 문서"
10.24,선택받은 자,tahmkench 보너스(health)가 전투 유닛에 붙은 양,400,0.0,"공식 10.19(200 기본 + 종류별 보너스), 위키 선택받은 자 문서"
10.24,선택받은 자,talon 보너스(AD)가 전투 유닛에 붙은 양,20,0.0,"공식 10.19(200 기본 + 종류별 보너스), 위키 선택받은 자 문서"
10.24,선택받은 자,warwick 보너스(AD)가 전투 유닛에 붙은 양,20,0.0,"공식 10.19(200 기본 + 종류별 보너스), 위키 선택받은 자 문서"
10.24,선택받은 자,wukong 보너스(health)가 전투 유닛에 붙은 양,400,0.0,"공식 10.19(200 기본 + 종류별 보너스), 위키 선택받은 자 문서"
10.24,선택받은 자,xinzhao 보너스(AD)가 전투 유닛에 붙은 양,20,0.0,"공식 10.19(200 기본 + 종류별 보너스), 위키 선택받은 자 문서"
10.24,선택받은 자,yasuo 보너스(AD)가 전투 유닛에 붙은 양,20,0.0,"공식 10.19(200 기본 + 종류별 보너스), 위키 선택받은 자 문서"
10.24,선택받은 자,yone 보너스(health)가 전투 유닛에 붙은 양,400,0.0,"공식 10.19(200 기본 + 종류별 보너스), 위키 선택받은 자 문서"
10.24,선택받은 자,zed 보너스(AD)가 전투 유닛에 붙은 양,20,0.0,"공식 10.19(200 기본 + 종류별 보너스), 위키 선택받은 자 문서"
10.24,29,워윅 1성 스킬 뒤 공격 속도(기본 0.8),1.88,2.15,위키 V10.24
10.24,29,워윅 2성 스킬 뒤 공격 속도(기본 0.8),2.0,2.3,위키 V10.24
10.24,29,워윅 3성 스킬 뒤 공격 속도(기본 0.8),4.8,5.8,위키 V10.24
