patch,field,expected,sim,source
10.20,끝나지 않는 전투가 끝나는 시각(초),45,150.0,"위키 TFT:V9.16, V10.8"
10.20,35초 공격 속도 / 25초 공격 속도(연장전 300%),3.0,1.0,"위키 TFT:V9.16, V10.8"
10.21,끝나지 않는 전투가 끝나는 시각(초),45,150.0,"위키 TFT:V9.16, V10.8"
10.21,35초 공격 속도 / 25초 공격 속도(연장전 300%),3.0,1.0,"위키 TFT:V9.16, V10.8"
10.22,끝나지 않는 전투가 끝나는 시각(초),45,150.0,"위키 TFT:V9.16, V10.8"
10.22,35초 공격 속도 / 25초 공격 속도(연장전 300%),3.0,1.0,"위키 TFT:V9.16, V10.8"
10.23,끝나지 않는 전투가 끝나는 시각(초),45,150.0,"위키 TFT:V9.16, V10.8"
10.23,35초 공격 속도 / 25초 공격 속도(연장전 300%),3.0,1.0,"위키 TFT:V9.16, V10.8"
10.24,끝나지 않는 전투가 끝나는 시각(초),45,150.0,"위키 TFT:V9.16, V10.8"
10.24,35초 공격 속도 / 25초 공격 속도(연장전 300%),3.0,1.0,"위키 TFT:V9.16, V10.8"
