patch,field,round,expected,sim,source
10.20,PvE 패배 피해(몬스터 3마리 생존),1-2,6,0,위키 TFT:Monster 2020-09 판: 일반 라운드처럼 피해를 받는다
10.20,PvE 패배 피해(몬스터 3마리 생존),1-3,6,0,위키 TFT:Monster 2020-09 판: 일반 라운드처럼 피해를 받는다
10.20,PvE 패배 피해(몬스터 3마리 생존),1-4,6,0,위키 TFT:Monster 2020-09 판: 일반 라운드처럼 피해를 받는다
10.20,PvP 기본 피해,2-2,0,2,"위키 V10.8, 공식 10.24 변경 전 값"
10.20,PvP 기본 피해,2-3,0,2,"위키 V10.8, 공식 10.24 변경 전 값"
10.20,PvP 기본 피해,2-5,0,2,"위키 V10.8, 공식 10.24 변경 전 값"
10.20,PvP 기본 피해,2-6,0,2,"위키 V10.8, 공식 10.24 변경 전 값"
10.20,PvE 기본 피해,2-7,0,2,"위키 V10.8, 공식 10.24 변경 전 값"
10.20,PvE 패배 피해(몬스터 3마리 생존),2-7,6,0,위키 TFT:Monster 2020-09 판: 일반 라운드처럼 피해를 받는다
10.20,PvP 기본 피해,3-1,1,2,"위키 V10.8, 공식 10.24 변경 전 값"
10.20,PvP 기본 피해,3-2,1,3,"위키 V10.8, 공식 10.24 변경 전 값"
10.20,PvP 기본 피해,3-3,1,3,"위키 V10.8, 공식 10.24 변경 전 값"
10.20,PvP 기본 피해,3-5,1,3,"위키 V10.8, 공식 10.24 변경 전 값"
10.20,PvP 기본 피해,3-6,1,3,"위키 V10.8, 공식 10.24 변경 전 값"
10.20,PvE 기본 피해,3-7,1,3,"위키 V10.8, 공식 10.24 변경 전 값"
10.20,PvE 패배 피해(몬스터 3마리 생존),3-7,7,0,위키 TFT:Monster 2020-09 판: 일반 라운드처럼 피해를 받는다
10.20,PvP 기본 피해,4-1,2,3,"위키 V10.8, 공식 10.24 변경 전 값"
10.20,PvP 기본 피해,4-2,2,5,"위키 V10.8, 공식 10.24 변경 전 값"
10.20,PvP 기본 피해,4-3,2,5,"위키 V10.8, 공식 10.24 변경 전 값"
10.20,PvP 기본 피해,4-5,2,5,"위키 V10.8, 공식 10.24 변경 전 값"
10.20,PvP 기본 피해,4-6,2,5,"위키 V10.8, 공식 10.24 변경 전 값"
10.20,PvE 기본 피해,4-7,2,5,"위키 V10.8, 공식 10.24 변경 전 값"
10.20,PvE 패배 피해(몬스터 3마리 생존),4-7,8,0,위키 TFT:Monster 2020-09 판: 일반 라운드처럼 피해를 받는다
10.20,PvP 기본 피해,5-2,5,8,"위키 V10.8, 공식 10.24 변경 전 값"
10.20,PvP 기본 피해,5-3,5,8,"위키 V10.8, 공식 10.24 변경 전 값"
10.20,PvP 기본 피해,5-5,5,8,"위키 V10.8, 공식 10.24 변경 전 값"
10.20,PvP 기본 피해,5-6,5,8,"위키 V10.8, 공식 10.24 변경 전 값"
10.20,PvE 기본 피해,5-7,5,8,"위키 V10.8, 공식 10.24 변경 전 값"
10.20,PvE 패배 피해(몬스터 3마리 생존),5-7,11,0,위키 TFT:Monster 2020-09 판: 일반 라운드처럼 피해를 받는다
10.20,PvP 기본 피해,6-1,10,8,"위키 V10.8, 공식 10.24 변경 전 값"
10.20,PvP 기본 피해,6-2,10,15,"위키 V10.8, 공식 10.24 변경 전 값"
10.20,PvP 기본 피해,6-3,10,15,"위키 V10.8, 공식 10.24 변경 전 값"
10.20,PvP 기본 피해,6-5,10,15,"위키 V10.8, 공식 10.24 변경 전 값"
10.20,PvP 기본 피해,6-6,10,15,"위키 V10.8, 공식 10.24 변경 전 값"
10.20,PvE 기본 피해,6-7,10,싸움 없음,"위키 V10.8, 공식 10.24 변경 전 값"
10.20,PvE 패배 피해(몬스터 3마리 생존),6-7,16,0,위키 TFT:Monster 2020-09 판: 일반 라운드처럼 피해를 받는다
10.20,PvE 패배 피해(몬스터 3마리 생존),7-7,21,0,위키 TFT:Monster 2020-09 판: 일반 라운드처럼 피해를 받는다
10.21,PvE 패배 피해(몬스터 3마리 생존),1-2,6,0,위키 TFT:Monster 2020-09 판: 일반 라운드처럼 피해를 받는다
10.21,PvE 패배 피해(몬스터 3마리 생존),1-3,6,0,위키 TFT:Monster 2020-09 판: 일반 라운드처럼 피해를 받는다
10.21,PvE 패배 피해(몬스터 3마리 생존),1-4,6,0,위키 TFT:Monster 2020-09 판: 일반 라운드처럼 피해를 받는다
10.21,PvP 기본 피해,2-2,0,2,"위키 V10.8, 공식 10.24 변경 전 값"
10.21,PvP 기본 피해,2-3,0,2,"위키 V10.8, 공식 10.24 변경 전 값"
10.21,PvP 기본 피해,2-5,0,2,"위키 V10.8, 공식 10.24 변경 전 값"
10.21,PvP 기본 피해,2-6,0,2,"위키 V10.8, 공식 10.24 변경 전 값"
10.21,PvE 기본 피해,2-7,0,2,"위키 V10.8, 공식 10.24 변경 전 값"
10.21,PvE 패배 피해(몬스터 3마리 생존),2-7,6,0,위키 TFT:Monster 2020-09 판: 일반 라운드처럼 피해를 받는다
10.21,PvP 기본 피해,3-1,1,2,"위키 V10.8, 공식 10.24 변경 전 값"
10.21,PvP 기본 피해,3-2,1,3,"위키 V10.8, 공식 10.24 변경 전 값"
10.21,PvP 기본 피해,3-3,1,3,"위키 V10.8, 공식 10.24 변경 전 값"
10.21,PvP 기본 피해,3-5,1,3,"위키 V10.8, 공식 10.24 변경 전 값"
10.21,PvP 기본 피해,3-6,1,3,"위키 V10.8, 공식 10.24 변경 전 값"
10.21,PvE 기본 피해,3-7,1,3,"위키 V10.8, 공식 10.24 변경 전 값"
10.21,PvE 패배 피해(몬스터 3마리 생존),3-7,7,0,위키 TFT:Monster 2020-09 판: 일반 라운드처럼 피해를 받는다
10.21,PvP 기본 피해,4-1,2,3,"위키 V10.8, 공식 10.24 변경 전 값"
10.21,PvP 기본 피해,4-2,2,5,"위키 V10.8, 공식 10.24 변경 전 값"
10.21,PvP 기본 피해,4-3,2,5,"위키 V10.8, 공식 10.24 변경 전 값"
10.21,PvP 기본 피해,4-5,2,5,"위키 V10.8, 공식 10.24 변경 전 값"
10.21,PvP 기본 피해,4-6,2,5,"위키 V10.8, 공식 10.24 변경 전 값"
10.21,PvE 기본 피해,4-7,2,5,"위키 V10.8, 공식 10.24 변경 전 값"
10.21,PvE 패배 피해(몬스터 3마리 생존),4-7,8,0,위키 TFT:Monster 2020-09 판: 일반 라운드처럼 피해를 받는다
10.21,PvP 기본 피해,5-2,5,8,"위키 V10.8, 공식 10.24 변경 전 값"
10.21,PvP 기본 피해,5-3,5,8,"위키 V10.8, 공식 10.24 변경 전 값"
10.21,PvP 기본 피해,5-5,5,8,"위키 V10.8, 공식 10.24 변경 전 값"
10.21,PvP 기본 피해,5-6,5,8,"위키 V10.8, 공식 10.24 변경 전 값"
10.21,PvE 기본 피해,5-7,5,8,"위키 V10.8, 공식 10.24 변경 전 값"
10.21,PvE 패배 피해(몬스터 3마리 생존),5-7,11,0,위키 TFT:Monster 2020-09 판: 일반 라운드처럼 피해를 받는다
10.21,PvP 기본 피해,6-1,10,8,"위키 V10.8, 공식 10.24 변경 전 값"
10.21,PvP 기본 피해,6-2,10,15,"위키 V10.8, 공식 10.24 변경 전 값"
10.21,PvP 기본 피해,6-3,10,15,"위키 V10.8, 공식 10.24 변경 전 값"
10.21,PvP 기본 피해,6-5,10,15,"위키 V10.8, 공식 10.24 변경 전 값"
10.21,PvP 기본 피해,6-6,10,15,"위키 V10.8, 공식 10.24 변경 전 값"
10.21,PvE 기본 피해,6-7,10,싸움 없음,"위키 V10.8, 공식 10.24 변경 전 값"
10.21,PvE 패배 피해(몬스터 3마리 생존),6-7,16,0,위키 TFT:Monster 2020-09 판: 일반 라운드처럼 피해를 받는다
10.21,PvE 패배 피해(몬스터 3마리 생존),7-7,21,0,위키 TFT:Monster 2020-09 판: 일반 라운드처럼 피해를 받는다
10.22,PvE 패배 피해(몬스터 3마리 생존),1-2,6,0,위키 TFT:Monster 2020-09 판: 일반 라운드처럼 피해를 받는다
10.22,PvE 패배 피해(몬스터 3마리 생존),1-3,6,0,위키 TFT:Monster 2020-09 판: 일반 라운드처럼 피해를 받는다
10.22,PvE 패배 피해(몬스터 3마리 생존),1-4,6,0,위키 TFT:Monster 2020-09 판: 일반 라운드처럼 피해를 받는다
10.22,PvP 기본 피해,2-2,0,2,"위키 V10.8, 공식 10.24 변경 전 값"
10.22,PvP 기본 피해,2-3,0,2,"위키 V10.8, 공식 10.24 변경 전 값"
10.22,PvP 기본 피해,2-5,0,2,"위키 V10.8, 공식 10.24 변경 전 값"
10.22,PvP 기본 피해,2-6,0,2,"위키 V10.8, 공식 10.24 변경 전 값"
10.22,PvE 기본 피해,2-7,0,2,"위키 V10.8, 공식 10.24 변경 전 값"
10.22,PvE 패배 피해(몬스터 3마리 생존),2-7,6,0,위키 TFT:Monster 2020-09 판: 일반 라운드처럼 피해를 받는다
10.22,PvP 기본 피해,3-1,1,2,"위키 V10.8, 공식 10.24 변경 전 값"
10.22,PvP 기본 피해,3-2,1,3,"위키 V10.8, 공식 10.24 변경 전 값"
10.22,PvP 기본 피해,3-3,1,3,"위키 V10.8, 공식 10.24 변경 전 값"
10.22,PvP 기본 피해,3-5,1,3,"위키 V10.8, 공식 10.24 변경 전 값"
10.22,PvP 기본 피해,3-6,1,3,"위키 V10.8, 공식 10.24 변경 전 값"
10.22,PvE 기본 피해,3-7,1,3,"위키 V10.8, 공식 10.24 변경 전 값"
10.22,PvE 패배 피해(몬스터 3마리 생존),3-7,7,0,위키 TFT:Monster 2020-09 판: 일반 라운드처럼 피해를 받는다
10.22,PvP 기본 피해,4-1,2,3,"위키 V10.8, 공식 10.24 변경 전 값"
10.22,PvP 기본 피해,4-2,2,5,"위키 V10.8, 공식 10.24 변경 전 값"
10.22,PvP 기본 피해,4-3,2,5,"위키 V10.8, 공식 10.24 변경 전 값"
10.22,PvP 기본 피해,4-5,2,5,"위키 V10.8, 공식 10.24 변경 전 값"
10.22,PvP 기본 피해,4-6,2,5,"위키 V10.8, 공식 10.24 변경 전 값"
10.22,PvE 기본 피해,4-7,2,5,"위키 V10.8, 공식 10.24 변경 전 값"
10.22,PvE 패배 피해(몬스터 3마리 생존),4-7,8,0,위키 TFT:Monster 2020-09 판: 일반 라운드처럼 피해를 받는다
10.22,PvP 기본 피해,5-2,5,8,"위키 V10.8, 공식 10.24 변경 전 값"
10.22,PvP 기본 피해,5-3,5,8,"위키 V10.8, 공식 10.24 변경 전 값"
10.22,PvP 기본 피해,5-5,5,8,"위키 V10.8, 공식 10.24 변경 전 값"
10.22,PvP 기본 피해,5-6,5,8,"위키 V10.8, 공식 10.24 변경 전 값"
10.22,PvE 기본 피해,5-7,5,8,"위키 V10.8, 공식 10.24 변경 전 값"
10.22,PvE 패배 피해(몬스터 3마리 생존),5-7,11,0,위키 TFT:Monster 2020-09 판: 일반 라운드처럼 피해를 받는다
10.22,PvP 기본 피해,6-1,10,8,"위키 V10.8, 공식 10.24 변경 전 값"
10.22,PvP 기본 피해,6-2,10,15,"위키 V10.8, 공식 10.24 변경 전 값"
10.22,PvP 기본 피해,6-3,10,15,"위키 V10.8, 공식 10.24 변경 전 값"
10.22,PvP 기본 피해,6-5,10,15,"위키 V10.8, 공식 10.24 변경 전 값"
10.22,PvP 기본 피해,6-6,10,15,"위키 V10.8, 공식 10.24 변경 전 값"
10.22,PvE 기본 피해,6-7,10,싸움 없음,"위키 V10.8, 공식 10.24 변경 전 값"
10.22,PvE 패배 피해(몬스터 3마리 생존),6-7,16,0,위키 TFT:Monster 2020-09 판: 일반 라운드처럼 피해를 받는다
10.22,PvE 패배 피해(몬스터 3마리 생존),7-7,21,0,위키 TFT:Monster 2020-09 판: 일반 라운드처럼 피해를 받는다
10.23,PvE 패배 피해(몬스터 3마리 생존),1-2,6,0,위키 TFT:Monster 2020-09 판: 일반 라운드처럼 피해를 받는다
10.23,PvE 패배 피해(몬스터 3마리 생존),1-3,6,0,위키 TFT:Monster 2020-09 판: 일반 라운드처럼 피해를 받는다
10.23,PvE 패배 피해(몬스터 3마리 생존),1-4,6,0,위키 TFT:Monster 2020-09 판: 일반 라운드처럼 피해를 받는다
10.23,PvP 기본 피해,2-2,0,2,"위키 V10.8, 공식 10.24 변경 전 값"
10.23,PvP 기본 피해,2-3,0,2,"위키 V10.8, 공식 10.24 변경 전 값"
10.23,PvP 기본 피해,2-5,0,2,"위키 V10.8, 공식 10.24 변경 전 값"
10.23,PvP 기본 피해,2-6,0,2,"위키 V10.8, 공식 10.24 변경 전 값"
10.23,PvE 기본 피해,2-7,0,2,"위키 V10.8, 공식 10.24 변경 전 값"
10.23,PvE 패배 피해(몬스터 3마리 생존),2-7,6,0,위키 TFT:Monster 2020-09 판: 일반 라운드처럼 피해를 받는다
10.23,PvP 기본 피해,3-1,1,2,"위키 V10.8, 공식 10.24 변경 전 값"
10.23,PvP 기본 피해,3-2,1,3,"위키 V10.8, 공식 10.24 변경 전 값"
10.23,PvP 기본 피해,3-3,1,3,"위키 V10.8, 공식 10.24 변경 전 값"
10.23,PvP 기본 피해,3-5,1,3,"위키 V10.8, 공식 10.24 변경 전 값"
10.23,PvP 기본 피해,3-6,1,3,"위키 V10.8, 공식 10.24 변경 전 값"
10.23,PvE 기본 피해,3-7,1,3,"위키 V10.8, 공식 10.24 변경 전 값"
10.23,PvE 패배 피해(몬스터 3마리 생존),3-7,7,0,위키 TFT:Monster 2020-09 판: 일반 라운드처럼 피해를 받는다
10.23,PvP 기본 피해,4-1,2,3,"위키 V10.8, 공식 10.24 변경 전 값"
10.23,PvP 기본 피해,4-2,2,5,"위키 V10.8, 공식 10.24 변경 전 값"
10.23,PvP 기본 피해,4-3,2,5,"위키 V10.8, 공식 10.24 변경 전 값"
10.23,PvP 기본 피해,4-5,2,5,"위키 V10.8, 공식 10.24 변경 전 값"
10.23,PvP 기본 피해,4-6,2,5,"위키 V10.8, 공식 10.24 변경 전 값"
10.23,PvE 기본 피해,4-7,2,5,"위키 V10.8, 공식 10.24 변경 전 값"
10.23,PvE 패배 피해(몬스터 3마리 생존),4-7,8,0,위키 TFT:Monster 2020-09 판: 일반 라운드처럼 피해를 받는다
10.23,PvP 기본 피해,5-2,5,8,"위키 V10.8, 공식 10.24 변경 전 값"
10.23,PvP 기본 피해,5-3,5,8,"위키 V10.8, 공식 10.24 변경 전 값"
10.23,PvP 기본 피해,5-5,5,8,"위키 V10.8, 공식 10.24 변경 전 값"
10.23,PvP 기본 피해,5-6,5,8,"위키 V10.8, 공식 10.24 변경 전 값"
10.23,PvE 기본 피해,5-7,5,8,"위키 V10.8, 공식 10.24 변경 전 값"
10.23,PvE 패배 피해(몬스터 3마리 생존),5-7,11,0,위키 TFT:Monster 2020-09 판: 일반 라운드처럼 피해를 받는다
10.23,PvP 기본 피해,6-1,10,8,"위키 V10.8, 공식 10.24 변경 전 값"
10.23,PvP 기본 피해,6-2,10,15,"위키 V10.8, 공식 10.24 변경 전 값"
10.23,PvP 기본 피해,6-3,10,15,"위키 V10.8, 공식 10.24 변경 전 값"
10.23,PvP 기본 피해,6-5,10,15,"위키 V10.8, 공식 10.24 변경 전 값"
10.23,PvP 기본 피해,6-6,10,15,"위키 V10.8, 공식 10.24 변경 전 값"
10.23,PvE 기본 피해,6-7,10,싸움 없음,"위키 V10.8, 공식 10.24 변경 전 값"
10.23,PvE 패배 피해(몬스터 3마리 생존),6-7,16,0,위키 TFT:Monster 2020-09 판: 일반 라운드처럼 피해를 받는다
10.23,PvE 패배 피해(몬스터 3마리 생존),7-7,21,0,위키 TFT:Monster 2020-09 판: 일반 라운드처럼 피해를 받는다
10.24,PvE 패배 피해(몬스터 3마리 생존),1-2,6,0,위키 TFT:Monster 2020-09 판: 일반 라운드처럼 피해를 받는다
10.24,PvE 패배 피해(몬스터 3마리 생존),1-3,6,0,위키 TFT:Monster 2020-09 판: 일반 라운드처럼 피해를 받는다
10.24,PvE 패배 피해(몬스터 3마리 생존),1-4,6,0,위키 TFT:Monster 2020-09 판: 일반 라운드처럼 피해를 받는다
10.24,PvP 기본 피해,2-2,0,2,공식 10.24
10.24,PvP 기본 피해,2-3,0,2,공식 10.24
10.24,PvP 기본 피해,2-5,0,2,공식 10.24
10.24,PvP 기본 피해,2-6,0,2,공식 10.24
10.24,PvE 기본 피해,2-7,0,2,공식 10.24
10.24,PvE 패배 피해(몬스터 3마리 생존),2-7,6,0,위키 TFT:Monster 2020-09 판: 일반 라운드처럼 피해를 받는다
10.24,PvP 기본 피해,3-2,2,3,공식 10.24
10.24,PvP 기본 피해,3-3,2,3,공식 10.24
10.24,PvP 기본 피해,3-5,2,3,공식 10.24
10.24,PvP 기본 피해,3-6,2,3,공식 10.24
10.24,PvE 기본 피해,3-7,2,3,공식 10.24
10.24,PvE 패배 피해(몬스터 3마리 생존),3-7,8,0,위키 TFT:Monster 2020-09 판: 일반 라운드처럼 피해를 받는다
10.24,PvP 기본 피해,4-2,3,5,공식 10.24
10.24,PvP 기본 피해,4-3,3,5,공식 10.24
10.24,PvP 기본 피해,4-5,3,5,공식 10.24
10.24,PvP 기본 피해,4-6,3,5,공식 10.24
10.24,PvE 기본 피해,4-7,3,5,공식 10.24
10.24,PvE 패배 피해(몬스터 3마리 생존),4-7,9,0,위키 TFT:Monster 2020-09 판: 일반 라운드처럼 피해를 받는다
10.24,PvP 기본 피해,5-2,5,8,공식 10.24
10.24,PvP 기본 피해,5-3,5,8,공식 10.24
10.24,PvP 기본 피해,5-5,5,8,공식 10.24
10.24,PvP 기본 피해,5-6,5,8,공식 10.24
10.24,PvE 기본 피해,5-7,5,8,공식 10.24
10.24,PvE 패배 피해(몬스터 3마리 생존),5-7,11,0,위키 TFT:Monster 2020-09 판: 일반 라운드처럼 피해를 받는다
10.24,PvP 기본 피해,6-2,8,15,공식 10.24
10.24,PvP 기본 피해,6-3,8,15,공식 10.24
10.24,PvP 기본 피해,6-5,8,15,공식 10.24
10.24,PvP 기본 피해,6-6,8,15,공식 10.24
10.24,PvE 기본 피해,6-7,8,싸움 없음,공식 10.24
10.24,PvE 패배 피해(몬스터 3마리 생존),6-7,14,0,위키 TFT:Monster 2020-09 판: 일반 라운드처럼 피해를 받는다
10.24,PvE 패배 피해(몬스터 3마리 생존),7-7,21,0,위키 TFT:Monster 2020-09 판: 일반 라운드처럼 피해를 받는다
