champion,official_name,sim_table,official_1to3,sim_1to3,note
irelia,Damage,ABILITY_DMG,"[200.0, 300.0, 550.0]","[200, 300, 600]",
kennen,initialMana,MANA,"[50.0, 50.0, 50.0]","[65, 65, 65]",
leesin,SecondaryStunDuration,ABILITY_SECONDARY_STUN_DURATION,"[1000.0, 1000.0, 10000.0]","[1000, 2000, 10000]",
lillia,BreakDamage,ABILITY_STUN_STOP_DMG_THRESHOLD,"[500.0, 500.0, 500.0]","[500, 750, 1000]",
lillia,Damage,ABILITY_DMG,"[500.0, 750.0, 5000.0]","[500, 500, 500]",
nami,Damage,ABILITY_DMG,"[225.0, 300.0, 450.0]","[225, 325, 450]",
sejuani,hp,HEALTH,"[1000.0, 1000.0, 1000.0]","[850, 850, 850]",
yone,Damage,ABILITY_DMG,"[800.0, 1300.0, 9999.0]","[600, 1200, 9999]",10.25 값과 같다
yone,UnforgottenDamage,ABILITY_SECONDARY_DMG,"[250.0, 400.0, 1000.0]","[200, 400, 1000]",10.25 값과 같다
zed,hp,HEALTH,"[600.0, 600.0, 600.0]","[650, 650, 650]",
zilean,AttackSpeed,ABILITY_AS_GAIN,"[1.5, 1.75, 6.0]","[1.5, 1.5, 6.0]",
